{
  "note": "All 20 BLR features used (NO2, Height_Var, Surface_Pressure now included). Both LST targets z-scored.",
  "n_features": 20,
  "within_blr": {
    "r2_mean": 0.7933803644363617,
    "r2_std": 0.008300375811377934,
    "rmse": 0.45426610413042534,
    "mae": 0.32697628630340814
  },
  "within_pune": {
    "r2_mean": 0.7194362015122493,
    "r2_std": 0.02346185805010435,
    "rmse": 0.5292136716639749,
    "mae": 0.40524985656776025
  },
  "naive_blr_to_pune": -0.24429805462898257,
  "naive_pune_to_blr": -0.12316777139758117,
  "std_blr_to_pune": 0.16619844632589065,
  "std_pune_to_blr": 0.12725623858665136,
  "combined_cv": {
    "r2_mean": 0.7497123172182171,
    "r2_std": 0.0157628887783356,
    "rmse": 0.49937726727780607
  },
  "old_18feat": {
    "blr_alone": 0.7716,
    "pune_alone": 0.7178,
    "naive_bp": -1.3624,
    "naive_pb": -1.0104,
    "std_bp": 0.0681,
    "std_pb": 0.07,
    "combined": 0.7005
  }
}